"yearid","name","w","attendance"
2016,"Los Angeles Dodgers",91,3703312
2016,"St. Louis Cardinals",86,3444490
2016,"Toronto Blue Jays",89,3392099
2016,"San Francisco Giants",87,3365256
2016,"Chicago Cubs",103,3232420
2016,"New York Yankees",84,3063405
2016,"Los Angeles Angels of Anaheim",74,3016142
2016,"Boston Red Sox",93,2955434
2016,"New York Mets",87,2789602
2016,"Texas Rangers",95,2710402
2016,"Colorado Rockies",75,2602524
2016,"Kansas City Royals",81,2557712
2016,"Detroit Tigers",86,2493859
2016,"Washington Nationals",95,2481938
2016,"San Diego Padres",68,2351422
2016,"Milwaukee Brewers",73,2315244
2016,"Houston Astros",84,2306623
2016,"Seattle Mariners",86,2267928
2016,"Pittsburgh Pirates",78,2249201
2016,"Baltimore Orioles",89,2172344
2016,"Arizona Diamondbacks",69,2036216
2016,"Atlanta Braves",68,2008332
2016,"Minnesota Twins",59,1963912
2016,"Philadelphia Phillies",71,1915144
2016,"Cincinnati Reds",68,1894085
2016,"Chicago White Sox",78,1746293
2016,"Miami Marlins",79,1712417
2016,"Cleveland Indians",94,1591667
2016,"Oakland Athletics",69,1521506
2016,"Tampa Bay Rays",68,1286163
2016,"Atlanta Braves",68,12582
2015,"Los Angeles Dodgers",92,3764815
2015,"St. Louis Cardinals",100,3520889
2015,"San Francisco Giants",84,3375882
2015,"New York Yankees",87,3193795
2015,"Los Angeles Angels of Anaheim",85,3012765
2015,"Chicago Cubs",97,2919122
2015,"Boston Red Sox",78,2880694
2015,"Toronto Blue Jays",93,2794891
2015,"Detroit Tigers",74,2726048
2015,"Kansas City Royals",95,2708549
2015,"Washington Nationals",83,2619843
2015,"New York Mets",90,2569753
2015,"Milwaukee Brewers",68,2542558
2015,"Colorado Rockies",68,2506789
2015,"Pittsburgh Pirates",98,2498596
2015,"Texas Rangers",88,2491875
2015,"San Diego Padres",74,2459752
2015,"Cincinnati Reds",64,2419506
2015,"Baltimore Orioles",81,2281202
2015,"Minnesota Twins",83,2220054
2015,"Seattle Mariners",76,2193581
2015,"Houston Astros",86,2153585
2015,"Arizona Diamondbacks",79,2080145
2015,"Atlanta Braves",67,2001392
2015,"Philadelphia Phillies",63,1831080
2015,"Oakland Athletics",68,1768175
2015,"Chicago White Sox",76,1755810
2015,"Miami Marlins",71,1752235
2015,"Cleveland Indians",81,1388905
2015,"Tampa Bay Rays",80,1247668
2015,"Baltimore Orioles",81,39386
2014,"Los Angeles Dodgers",94,3782337
2014,"St. Louis Cardinals",90,3540649
2014,"New York Yankees",84,3401624
2014,"San Francisco Giants",88,3368697
2014,"Los Angeles Angels of Anaheim",98,3095935
2014,"Boston Red Sox",71,2956089
2014,"Detroit Tigers",90,2917209
2014,"Milwaukee Brewers",82,2797384
2014,"Texas Rangers",67,2718733
2014,"Colorado Rockies",66,2680329
2014,"Chicago Cubs",73,2652113
2014,"Washington Nationals",96,2579389
2014,"Cincinnati Reds",76,2476664
2014,"Baltimore Orioles",96,2464473
2014,"Pittsburgh Pirates",88,2442564
2014,"Philadelphia Phillies",73,2423852
2014,"Toronto Blue Jays",83,2375525
2014,"Atlanta Braves",79,2354305
2014,"Minnesota Twins",70,2250606
2014,"San Diego Padres",77,2195373
2014,"New York Mets",79,2148808
2014,"Seattle Mariners",87,2064334
2014,"Oakland Athletics",88,2003628
2014,"Arizona Diamondbacks",64,1997385
2014,"Kansas City Royals",89,1956482
2014,"Houston Astros",70,1751829
2014,"Miami Marlins",77,1732283
2014,"Chicago White Sox",73,1650821
2014,"Tampa Bay Rays",77,1446464
2014,"Cleveland Indians",85,1437393
2014,"Arizona Diamondbacks",64,76345
2013,"Los Angeles Dodgers",92,3743527
2013,"St. Louis Cardinals",97,3369769
2013,"San Francisco Giants",76,3326796
2013,"New York Yankees",85,3279589
2013,"Texas Rangers",91,3178273
2013,"Detroit Tigers",93,3083397
2013,"Los Angeles Angels of Anaheim",78,3019505
2013,"Philadelphia Phillies",73,3012403
2013,"Boston Red Sox",97,2833333
2013,"Colorado Rockies",74,2793828
2013,"Washington Nationals",86,2652422
2013,"Chicago Cubs",66,2642682
2013,"Atlanta Braves",96,2548679
2013,"Toronto Blue Jays",74,2536562
2013,"Milwaukee Brewers",74,2531105
2013,"Cincinnati Reds",90,2492101
2013,"Minnesota Twins",66,2477644
2013,"Baltimore Orioles",85,2357561
2013,"Pittsburgh Pirates",94,2256862
2013,"San Diego Padres",76,2166691
2013,"New York Mets",74,2135657
2013,"Arizona Diamondbacks",81,2134895
2013,"Oakland Athletics",96,1809302
2013,"Chicago White Sox",63,1768413
2013,"Seattle Mariners",71,1761546
2013,"Kansas City Royals",86,1750754
2013,"Houston Astros",51,1651883
2013,"Miami Marlins",62,1586322
2013,"Cleveland Indians",92,1572926
2013,"Tampa Bay Rays",92,1510300
2013,"Cincinnati Reds",90,42310
2012,"Philadelphia Phillies",81,3565718
2012,"New York Yankees",95,3542406
2012,"Texas Rangers",93,3460280
2012,"San Francisco Giants",94,3377371
2012,"Los Angeles Dodgers",86,3324246
2012,"St. Louis Cardinals",88,3262109
2012,"Los Angeles Angels of Anaheim",89,3061770
2012,"Boston Red Sox",69,3043003
2012,"Detroit Tigers",88,3028033
2012,"Chicago Cubs",61,2882756
2012,"Milwaukee Brewers",83,2831385
2012,"Minnesota Twins",66,2776354
2012,"Colorado Rockies",64,2630458
2012,"Atlanta Braves",94,2420171
2012,"Washington Nationals",98,2370794
2012,"Cincinnati Reds",97,2347251
2012,"New York Mets",74,2242803
2012,"Miami Marlins",69,2219444
2012,"Arizona Diamondbacks",81,2177617
2012,"San Diego Padres",76,2123721
2012,"Baltimore Orioles",93,2102240
2012,"Toronto Blue Jays",73,2099663
2012,"Pittsburgh Pirates",79,2091918
2012,"Chicago White Sox",85,1965955
2012,"Kansas City Royals",72,1739859
2012,"Seattle Mariners",75,1721920
2012,"Houston Astros",55,1607733
2012,"Cleveland Indians",68,1603596
2012,"Oakland Athletics",94,1591395
2012,"Tampa Bay Rays",90,1559681
2012,"Oakland Athletics",94,87618
2011,"Philadelphia Phillies",102,3680718
2011,"New York Yankees",97,3653680
2011,"San Francisco Giants",86,3387303
2011,"Minnesota Twins",63,3168116
2011,"Los Angeles Angels of Anaheim",86,3166321
2011,"St. Louis Cardinals",90,3093954
2011,"Milwaukee Brewers",96,3071373
2011,"Boston Red Sox",90,3054001
2011,"Chicago Cubs",71,3017966
2011,"Texas Rangers",96,2946949
2011,"Los Angeles Dodgers",82,2935139
2011,"Colorado Rockies",73,2909777
2011,"Detroit Tigers",95,2642045
2011,"Atlanta Braves",89,2372940
2011,"New York Mets",77,2352596
2011,"Cincinnati Reds",79,2213588
2011,"San Diego Padres",71,2143018
2011,"Arizona Diamondbacks",94,2105432
2011,"Houston Astros",56,2067016
2011,"Chicago White Sox",79,2001117
2011,"Washington Nationals",80,1940478
2011,"Pittsburgh Pirates",72,1940429
2011,"Seattle Mariners",67,1896321
2011,"Cleveland Indians",80,1840835
2011,"Toronto Blue Jays",81,1818103
2011,"Baltimore Orioles",69,1755461
2011,"Kansas City Royals",71,1724450
2011,"Tampa Bay Rays",91,1529188
2011,"Florida Marlins",72,1477462
2011,"Oakland Athletics",74,1476791
2011,"Florida Marlins",72,43100
2010,"New York Yankees",95,3765807
2010,"Philadelphia Phillies",97,3647249
2010,"Los Angeles Dodgers",80,3562318
2010,"St. Louis Cardinals",86,3301218
2010,"Los Angeles Angels of Anaheim",80,3250754
2010,"Minnesota Twins",94,3223640
2010,"Chicago Cubs",75,3062973
2010,"Boston Red Sox",89,3046445
2010,"San Francisco Giants",92,3037267
2010,"Colorado Rockies",83,2875245
2010,"Milwaukee Brewers",77,2776531
2010,"New York Mets",79,2573077
2010,"Atlanta Braves",91,2510121
2010,"Texas Rangers",90,2505171
2010,"Detroit Tigers",81,2461237
2010,"Houston Astros",76,2331490
2010,"Chicago White Sox",88,2194378
2010,"San Diego Padres",90,2131774
2010,"Seattle Mariners",61,2085168
2010,"Cincinnati Reds",91,2060550
2010,"Arizona Diamondbacks",65,2057224
2010,"Tampa Bay Rays",96,1865002
2010,"Washington Nationals",69,1828065
2010,"Baltimore Orioles",66,1733019
2010,"Kansas City Royals",67,1615326
2010,"Pittsburgh Pirates",57,1613399
2010,"Toronto Blue Jays",85,1495482
2010,"Florida Marlins",80,1469216
2010,"Oakland Athletics",81,1418391
2010,"Cleveland Indians",69,1391644
2010,"Toronto Blue Jays",85,130073
2010,"Florida Marlins",80,55678
2009,"Los Angeles Dodgers",95,3761669
2009,"New York Yankees",103,3719358
2009,"Philadelphia Phillies",93,3600693
2009,"St. Louis Cardinals",91,3343252
2009,"Los Angeles Angels of Anaheim",97,3240386
2009,"Chicago Cubs",83,3168859
2009,"New York Mets",70,3154270
2009,"Boston Red Sox",95,3062699
2009,"Milwaukee Brewers",80,3037451
2009,"San Francisco Giants",88,2861111
2009,"Colorado Rockies",92,2665080
2009,"Detroit Tigers",86,2567192
2009,"Houston Astros",74,2521081
2009,"Minnesota Twins",87,2416237
2009,"Atlanta Braves",86,2373631
2009,"Chicago White Sox",79,2284163
2009,"Seattle Mariners",85,2195128
2009,"Texas Rangers",87,2156016
2009,"Arizona Diamondbacks",70,2129183
2009,"San Diego Padres",75,1922603
2009,"Baltimore Orioles",64,1907163
2009,"Toronto Blue Jays",75,1876129
2009,"Tampa Bay Rays",84,1874962
2009,"Washington Nationals",59,1817280
2009,"Kansas City Royals",65,1799686
2009,"Cleveland Indians",65,1766242
2009,"Cincinnati Reds",78,1747919
2009,"Pittsburgh Pirates",62,1577853
2009,"Florida Marlins",87,1464109
2009,"Oakland Athletics",75,1408783
2008,"New York Yankees",89,4298655
2008,"New York Mets",89,4042047
2008,"Los Angeles Dodgers",84,3730553
2008,"St. Louis Cardinals",86,3430403
2008,"Philadelphia Phillies",92,3422583
2008,"Los Angeles Angels of Anaheim",100,3336747
2008,"Chicago Cubs",97,3299840
2008,"Detroit Tigers",74,3202654
2008,"Milwaukee Brewers",90,3068908
2008,"Boston Red Sox",95,3048250
2008,"San Francisco Giants",72,2863837
2008,"Houston Astros",86,2740888
2008,"Colorado Rockies",74,2650218
2008,"Atlanta Braves",72,2532834
2008,"Arizona Diamondbacks",82,2509924
2008,"Chicago White Sox",89,2501103
2008,"San Diego Padres",63,2427535
2008,"Toronto Blue Jays",86,2399786
2008,"Seattle Mariners",61,2329702
2008,"Washington Nationals",59,2320400
2008,"Minnesota Twins",88,2302431
2008,"Cleveland Indians",81,2169760
2008,"Cincinnati Reds",74,2058632
2008,"Baltimore Orioles",68,1950075
2008,"Texas Rangers",79,1945677
2008,"Tampa Bay Rays",97,1785188
2008,"Pittsburgh Pirates",67,1609076
2008,"Kansas City Royals",75,1578922
2008,"Oakland Athletics",75,1575899
2008,"Florida Marlins",84,1335076
2008,"Oakland Athletics",75,89363
2008,"Houston Astros",86,38599
2008,"Tampa Bay Rays",97,26798
2007,"New York Yankees",94,4271867
2007,"Los Angeles Dodgers",82,3856753
2007,"New York Mets",88,3853955
2007,"St. Louis Cardinals",78,3552180
2007,"Los Angeles Angels of Anaheim",94,3365632
2007,"Chicago Cubs",85,3252462
2007,"San Francisco Giants",71,3223202
2007,"Philadelphia Phillies",89,3108330
2007,"Detroit Tigers",88,3047124
2007,"Houston Astros",73,3020405
2007,"Boston Red Sox",96,2970755
2007,"Milwaukee Brewers",83,2869144
2007,"San Diego Padres",89,2790074
2007,"Atlanta Braves",84,2745303
2007,"Chicago White Sox",72,2684395
2007,"Seattle Mariners",88,2672409
2007,"Colorado Rockies",90,2376250
2007,"Toronto Blue Jays",83,2360648
2007,"Texas Rangers",75,2353862
2007,"Arizona Diamondbacks",90,2316507
2007,"Minnesota Twins",79,2296383
2007,"Cleveland Indians",96,2223415
2007,"Baltimore Orioles",69,2172487
2007,"Cincinnati Reds",72,2058593
2007,"Washington Nationals",73,1961579
2007,"Oakland Athletics",76,1921844
2007,"Pittsburgh Pirates",68,1749142
2007,"Kansas City Royals",69,1616867
2007,"Florida Marlins",71,1370511
2007,"Tampa Bay Devil Rays",66,1362189
2007,"Cleveland Indians",96,52496
2007,"Tampa Bay Devil Rays",66,26917
2006,"New York Yankees",97,4247980
2006,"Los Angeles Dodgers",88,3758421
2006,"St. Louis Cardinals",83,3407104
2006,"Los Angeles Angels of Anaheim",89,3406790
2006,"New York Mets",97,3372045
2006,"San Francisco Giants",76,3130304
2006,"Chicago Cubs",66,3123215
2006,"Houston Astros",82,3022763
2006,"Chicago White Sox",90,2957414
2006,"Boston Red Sox",86,2930768
2006,"Philadelphia Phillies",85,2701815
2006,"San Diego Padres",88,2659732
2006,"Detroit Tigers",95,2595937
2006,"Atlanta Braves",79,2549524
2006,"Seattle Mariners",78,2480717
2006,"Texas Rangers",80,2388757
2006,"Milwaukee Brewers",75,2335643
2006,"Toronto Blue Jays",87,2302182
2006,"Minnesota Twins",96,2285018
2006,"Baltimore Orioles",70,2153150
2006,"Washington Nationals",71,2153080
2006,"Cincinnati Reds",80,2134472
2006,"Colorado Rockies",76,2104560
2006,"Arizona Diamondbacks",76,2091005
2006,"Cleveland Indians",78,1998070
2006,"Oakland Athletics",93,1976625
2006,"Pittsburgh Pirates",67,1861549
2006,"Kansas City Royals",62,1372684
2006,"Tampa Bay Devil Rays",61,1369031
2006,"Florida Marlins",78,1165120
2005,"New York Yankees",95,4090440
2005,"Los Angeles Dodgers",71,3603680
2005,"St. Louis Cardinals",100,3542271
2005,"Los Angeles Angels of Anaheim",95,3404636
2005,"San Francisco Giants",75,3181020
2005,"Chicago Cubs",79,3100092
2005,"San Diego Padres",82,2869787
2005,"Boston Red Sox",95,2847798
2005,"New York Mets",83,2829930
2005,"Houston Astros",89,2804760
2005,"Washington Nationals",81,2730352
2005,"Seattle Mariners",69,2724859
2005,"Philadelphia Phillies",88,2665291
2005,"Baltimore Orioles",74,2624804
2005,"Texas Rangers",79,2525259
2005,"Atlanta Braves",90,2521534
2005,"Chicago White Sox",99,2342834
2005,"Milwaukee Brewers",81,2211023
2005,"Oakland Athletics",88,2108818
2005,"Arizona Diamondbacks",77,2059331
2005,"Minnesota Twins",83,2034243
2005,"Detroit Tigers",71,2024505
2005,"Toronto Blue Jays",80,2014995
2005,"Cleveland Indians",93,2014220
2005,"Cincinnati Reds",73,1943166
2005,"Colorado Rockies",67,1914389
2005,"Florida Marlins",83,1852602
2005,"Pittsburgh Pirates",67,1817245
2005,"Kansas City Royals",56,1371181
2005,"Tampa Bay Devil Rays",67,1141915
2004,"New York Yankees",101,3775292
2004,"Los Angeles Dodgers",93,3488283
2004,"Anaheim Angels",92,3375677
2004,"San Francisco Giants",91,3256854
2004,"Philadelphia Phillies",86,3250092
2004,"Chicago Cubs",89,3170154
2004,"Houston Astros",92,3087872
2004,"St. Louis Cardinals",105,3048427
2004,"San Diego Padres",87,3016752
2004,"Seattle Mariners",63,2940731
2004,"Boston Red Sox",98,2837304
2004,"Baltimore Orioles",78,2744013
2004,"Arizona Diamondbacks",51,2519560
2004,"Texas Rangers",89,2513685
2004,"Colorado Rockies",68,2338069
2004,"Atlanta Braves",96,2322565
2004,"New York Mets",71,2318321
2004,"Cincinnati Reds",76,2287250
2004,"Oakland Athletics",91,2201516
2004,"Milwaukee Brewers",67,2062382
2004,"Chicago White Sox",83,1930537
2004,"Detroit Tigers",72,1917004
2004,"Minnesota Twins",92,1911490
2004,"Toronto Blue Jays",67,1900041
2004,"Cleveland Indians",80,1814401
2004,"Florida Marlins",83,1713645
2004,"Kansas City Royals",58,1661478
2004,"Pittsburgh Pirates",72,1583031
2004,"Tampa Bay Devil Rays",70,1164911
2004,"Montreal Expos",67,531545
2004,"Montreal Expos",67,217005
2004,"Tampa Bay Devil Rays",70,110000
2004,"Florida Marlins",83,9460
2003,"New York Yankees",101,3460600
2003,"Seattle Mariners",93,3267509
2003,"San Francisco Giants",100,3264898
2003,"Los Angeles Dodgers",85,3138696
2003,"Anaheim Angels",77,3061094
2003,"Chicago Cubs",88,2962630
2003,"St. Louis Cardinals",85,2910386
2003,"Arizona Diamondbacks",84,2805542
2003,"Boston Red Sox",95,2724165
2003,"Houston Astros",87,2455241
2003,"Baltimore Orioles",71,2454523
2003,"Atlanta Braves",101,2401084
2003,"Cincinnati Reds",69,2355259
2003,"Colorado Rockies",74,2334175
2003,"Philadelphia Phillies",86,2259948
2003,"Oakland Athletics",96,2216596
2003,"New York Mets",66,2168832
2003,"Texas Rangers",71,2094394
2003,"San Diego Padres",64,2030084
2003,"Minnesota Twins",90,1946011
2003,"Chicago White Sox",86,1939594
2003,"Toronto Blue Jays",86,1799818
2003,"Kansas City Royals",83,1779895
2003,"Cleveland Indians",68,1727001
2003,"Milwaukee Brewers",68,1700354
2003,"Pittsburgh Pirates",75,1636751
2003,"Detroit Tigers",43,1368245
2003,"Florida Marlins",91,1303214
2003,"Tampa Bay Devil Rays",63,1058695
2003,"Montreal Expos",83,712757
2003,"Montreal Expos",83,312882
2002,"Seattle Mariners",93,3539938
2002,"New York Yankees",103,3465807
2002,"San Francisco Giants",95,3253203
2002,"Arizona Diamondbacks",98,3198975
2002,"Los Angeles Dodgers",92,3131255
2002,"St. Louis Cardinals",97,3011756
2002,"New York Mets",75,2804838
2002,"Colorado Rockies",73,2740614
2002,"Chicago Cubs",67,2694946
2002,"Baltimore Orioles",67,2681439
2002,"Boston Red Sox",93,2650859
2002,"Cleveland Indians",74,2621940
2002,"Atlanta Braves",101,2603484
2002,"Houston Astros",84,2512357
2002,"Texas Rangers",72,2352397
2002,"Anaheim Angels",99,2305467
2002,"San Diego Padres",66,2221230
2002,"Oakland Athletics",103,2169816
2002,"Milwaukee Brewers",56,1969153
2002,"Minnesota Twins",94,1924354
2002,"Cincinnati Reds",78,1855775
2002,"Pittsburgh Pirates",72,1784970
2002,"Chicago White Sox",81,1675591
2002,"Toronto Blue Jays",78,1638170
2002,"Philadelphia Phillies",80,1618467
2002,"Detroit Tigers",55,1503353
2002,"Kansas City Royals",62,1323036
2002,"Tampa Bay Devil Rays",55,1065742
2002,"Florida Marlins",79,813127
2002,"Montreal Expos",83,812537
2001,"Seattle Mariners",116,3512326
2001,"San Francisco Giants",90,3311000
2001,"New York Yankees",95,3264847
2001,"Cleveland Indians",91,3182523
2001,"Colorado Rockies",73,3168579
2001,"St. Louis Cardinals",93,3109578
2001,"Baltimore Orioles",63,3094841
2001,"Los Angeles Dodgers",86,3017143
2001,"Houston Astros",93,2906277
2001,"Texas Rangers",73,2831111
2001,"Atlanta Braves",88,2823494
2001,"Milwaukee Brewers",68,2811040
2001,"Chicago Cubs",88,2779465
2001,"Arizona Diamondbacks",92,2735821
2001,"New York Mets",82,2658330
2001,"Boston Red Sox",82,2625333
2001,"Pittsburgh Pirates",62,2435868
2001,"San Diego Padres",79,2378148
2001,"Oakland Athletics",102,2133477
2001,"Anaheim Angels",75,1998319
2001,"Detroit Tigers",66,1920995
2001,"Toronto Blue Jays",80,1895236
2001,"Cincinnati Reds",66,1879757
2001,"Philadelphia Phillies",86,1792054
2001,"Minnesota Twins",85,1782926
2001,"Chicago White Sox",83,1766172
2001,"Kansas City Royals",65,1536101
2001,"Tampa Bay Devil Rays",62,1298075
2001,"Florida Marlins",76,1261216
2001,"Montreal Expos",68,642743
2001,"Toronto Blue Jays",80,19891
2000,"Cleveland Indians",90,3456278
2000,"St. Louis Cardinals",95,3336493
2000,"San Francisco Giants",97,3315330
2000,"Baltimore Orioles",74,3297031
2000,"Colorado Rockies",82,3295129
2000,"Atlanta Braves",95,3234304
2000,"New York Yankees",87,3227657
2000,"Seattle Mariners",91,3148317
2000,"Houston Astros",72,3056139
2000,"Los Angeles Dodgers",86,3011539
2000,"Arizona Diamondbacks",85,2942251
2000,"Texas Rangers",71,2800075
2000,"New York Mets",94,2765530
2000,"Chicago Cubs",65,2734511
2000,"Cincinnati Reds",85,2594132
2000,"Boston Red Sox",85,2585895
2000,"Detroit Tigers",79,2533753
2000,"San Diego Padres",76,2423142
2000,"Anaheim Angels",82,2066982
2000,"Chicago White Sox",95,1971446
2000,"Toronto Blue Jays",83,1819919
2000,"Pittsburgh Pirates",69,1748908
2000,"Oakland Athletics",91,1728885
2000,"Kansas City Royals",77,1677915
2000,"Philadelphia Phillies",65,1612769
2000,"Milwaukee Brewers",73,1573621
2000,"Tampa Bay Devil Rays",69,1549592
2000,"Florida Marlins",79,1218326
2000,"Minnesota Twins",69,1059415
2000,"Montreal Expos",67,926272
2000,"New York Mets",94,55000
2000,"Chicago Cubs",65,55000
1999,"Colorado Rockies",72,3481065
1999,"Cleveland Indians",97,3468436
1999,"Baltimore Orioles",78,3432099
1999,"New York Yankees",98,3293259
1999,"Atlanta Braves",103,3284901
1999,"St. Louis Cardinals",75,3235833
1999,"Los Angeles Dodgers",77,3098990
1999,"Arizona Diamondbacks",100,3015948
1999,"Chicago Cubs",67,2813854
1999,"Texas Rangers",95,2774501
1999,"New York Mets",97,2726008
1999,"Houston Astros",97,2706017
1999,"San Diego Padres",74,2496434
1999,"Boston Red Sox",94,2446277
1999,"Anaheim Angels",70,2253040
1999,"Toronto Blue Jays",84,2163486
1999,"San Francisco Giants",86,2078365
1999,"Cincinnati Reds",96,2061324
1999,"Detroit Tigers",69,2026491
1999,"Philadelphia Phillies",77,1825337
1999,"Seattle Mariners",79,1816504
1999,"Tampa Bay Devil Rays",69,1749657
1999,"Milwaukee Brewers",74,1701790
1999,"Pittsburgh Pirates",78,1638023
1999,"Kansas City Royals",64,1501292
1999,"Oakland Athletics",87,1434632
1999,"Florida Marlins",64,1369420
1999,"Chicago White Sox",75,1338851
1999,"Minnesota Twins",63,1202829
1999,"Seattle Mariners",79,1099404
1999,"Montreal Expos",68,772737
1999,"San Diego Padres",74,27104
1998,"Colorado Rockies",77,3791276
1998,"Baltimore Orioles",79,3684560
1998,"Arizona Diamondbacks",65,3604237
1998,"Cleveland Indians",89,3467299
1998,"Atlanta Braves",106,3361350
1998,"St. Louis Cardinals",83,3195651
1998,"Los Angeles Dodgers",83,3089222
1998,"Texas Rangers",88,2927409
1998,"New York Yankees",114,2908991
1998,"Seattle Mariners",76,2651511
1998,"Chicago Cubs",90,2623000
1998,"San Diego Padres",98,2555964
1998,"Anaheim Angels",85,2519280
1998,"Tampa Bay Devil Rays",63,2506023
1998,"Toronto Blue Jays",88,2454303
1998,"Houston Astros",102,2450451
1998,"Boston Red Sox",92,2343930
1998,"New York Mets",88,2287942
1998,"San Francisco Giants",89,1925634
1998,"Milwaukee Brewers",74,1811548
1998,"Cincinnati Reds",77,1793676
1998,"Florida Marlins",54,1750395
1998,"Philadelphia Phillies",75,1715702
1998,"Pittsburgh Pirates",69,1560950
1998,"Kansas City Royals",72,1494875
1998,"Detroit Tigers",65,1409391
1998,"Chicago White Sox",80,1391146
1998,"Oakland Athletics",74,1232363
1998,"Minnesota Twins",70,1165980
1998,"Montreal Expos",65,914909
1998,"New York Yankees",114,40743
1997,"Colorado Rockies",83,3893433
1997,"Baltimore Orioles",98,3692388
1997,"Atlanta Braves",101,3447608
1997,"Cleveland Indians",86,3394750
1997,"Los Angeles Dodgers",88,3319320
1997,"Seattle Mariners",90,3197054
1997,"Texas Rangers",77,2923590
1997,"St. Louis Cardinals",73,2654568
1997,"Toronto Blue Jays",76,2589317
1997,"New York Yankees",96,2581043
1997,"Florida Marlins",92,2352567
1997,"Boston Red Sox",78,2223602
1997,"Chicago Cubs",68,2189948
1997,"Houston Astros",84,2046275
1997,"San Diego Padres",76,2011901
1997,"Chicago White Sox",80,1865052
1997,"Cincinnati Reds",76,1790058
1997,"New York Mets",88,1775201
1997,"Anaheim Angels",84,1774702
1997,"San Francisco Giants",90,1696583
1997,"Pittsburgh Pirates",79,1694633
1997,"Kansas City Royals",67,1526638
1997,"Montreal Expos",78,1507166
1997,"Philadelphia Phillies",68,1490542
1997,"Milwaukee Brewers",78,1450029
1997,"Minnesota Twins",68,1413064
1997,"Detroit Tigers",79,1395413
1997,"Oakland Athletics",65,1260565
1997,"San Diego Padres",76,77432
1996,"Colorado Rockies",83,3906328
1996,"Baltimore Orioles",88,3654764
1996,"Cleveland Indians",99,3320078
1996,"Los Angeles Dodgers",90,3188454
1996,"Atlanta Braves",96,2898806
1996,"Texas Rangers",90,2889040
1996,"Seattle Mariners",85,2721073
1996,"St. Louis Cardinals",88,2645824
1996,"Toronto Blue Jays",74,2559910
1996,"Boston Red Sox",85,2315349
1996,"New York Yankees",92,2255051
1996,"Chicago Cubs",76,2219110
1996,"San Diego Padres",91,2140536
1996,"Houston Astros",82,1977715
1996,"Cincinnati Reds",81,1871459
1996,"California Angels",70,1820183
1996,"Philadelphia Phillies",67,1796354
1996,"Florida Marlins",80,1753706
1996,"Chicago White Sox",85,1666025
1996,"Montreal Expos",88,1618571
1996,"New York Mets",71,1582648
1996,"Minnesota Twins",78,1437446
1996,"Kansas City Royals",75,1436006
1996,"San Francisco Giants",68,1418722
1996,"Milwaukee Brewers",80,1327150
1996,"Pittsburgh Pirates",73,1322079
1996,"Detroit Tigers",53,1168610
1996,"Oakland Athletics",78,1132362
1996,"San Diego Padres",91,67382
1996,"Oakland Athletics",78,54986
1995,"Colorado Rockies",77,3402209
1995,"Baltimore Orioles",71,3101759
1995,"Cleveland Indians",100,2842722
1995,"Toronto Blue Jays",56,2826445
1995,"Los Angeles Dodgers",78,2766628
1995,"Atlanta Braves",90,2564492
1995,"Boston Red Sox",86,2164401
1995,"Philadelphia Phillies",69,2048588
1995,"Texas Rangers",74,1985910
1995,"Chicago Cubs",73,1917546
1995,"Cincinnati Reds",85,1830015
1995,"St. Louis Cardinals",62,1756061
1995,"California Angels",78,1748797
1995,"New York Yankees",79,1709199
1995,"Florida Marlins",67,1697414
1995,"Seattle Mariners",79,1640379
1995,"Chicago White Sox",68,1609775
1995,"Houston Astros",76,1392683
1995,"Montreal Expos",66,1308618
1995,"New York Mets",69,1273186
1995,"Kansas City Royals",70,1237203
1995,"San Francisco Giants",67,1231591
1995,"Detroit Tigers",60,1180979
1995,"Oakland Athletics",67,1174441
1995,"Milwaukee Brewers",65,1088220
1995,"Minnesota Twins",56,1057668
1995,"San Diego Padres",70,1052995
1995,"Pittsburgh Pirates",58,911536
1994,"Colorado Rockies",53,3281464
1994,"Toronto Blue Jays",55,2907949
1994,"Baltimore Orioles",63,2535359
1994,"Atlanta Braves",68,2534240
1994,"Texas Rangers",52,2502662
1994,"Philadelphia Phillies",54,2289963
1994,"Los Angeles Dodgers",58,2280140
1994,"Cleveland Indians",66,1995474
1994,"Florida Marlins",51,1942377
1994,"Cincinnati Reds",66,1897591
1994,"Chicago Cubs",49,1845278
1994,"St. Louis Cardinals",53,1839098
1994,"Boston Red Sox",54,1775541
1994,"San Francisco Giants",55,1704317
1994,"Chicago White Sox",67,1697448
1994,"New York Yankees",70,1681507
1994,"Houston Astros",66,1560970
1994,"California Angels",47,1512622
1994,"Kansas City Royals",64,1400581
1994,"Minnesota Twins",53,1398565
1994,"Montreal Expos",74,1276250
1994,"Milwaukee Brewers",53,1268398
1994,"Oakland Athletics",51,1240920
1994,"Pittsburgh Pirates",53,1222579
1994,"Detroit Tigers",53,1184783
1994,"New York Mets",55,1152161
1994,"Seattle Mariners",49,1102288
1994,"San Diego Padres",47,953886
1993,"Colorado Rockies",67,4483203
1993,"Toronto Blue Jays",95,4057747
1993,"Atlanta Braves",104,3879508
1993,"Baltimore Orioles",85,3643768
1993,"Los Angeles Dodgers",81,3164720
1993,"Philadelphia Phillies",97,3137512
1993,"Florida Marlins",64,3066756
1993,"St. Louis Cardinals",87,2840533
1993,"Chicago Cubs",84,2643428
1993,"San Francisco Giants",103,2604635
1993,"Chicago White Sox",94,2581061
1993,"Cincinnati Reds",73,2454428
1993,"Boston Red Sox",80,2422054
1993,"New York Yankees",88,2416837
1993,"Texas Rangers",86,2252616
1993,"Cleveland Indians",76,2177908
1993,"Houston Astros",85,2081506
1993,"California Angels",71,2063049
1993,"Minnesota Twins",71,2054523
1993,"Seattle Mariners",82,2052425
1993,"Oakland Athletics",68,2029063
1993,"Detroit Tigers",85,1971401
1993,"Kansas City Royals",84,1941889
1993,"New York Mets",59,1873115
1993,"Milwaukee Brewers",69,1695077
1993,"Pittsburgh Pirates",75,1652922
1993,"Montreal Expos",94,1641438
1993,"San Diego Padres",61,1375432
1992,"Toronto Blue Jays",96,4028318
1992,"Baltimore Orioles",89,3569534
1992,"Atlanta Braves",98,3077400
1992,"Chicago White Sox",86,2681156
1992,"Oakland Athletics",96,2494160
1992,"Minnesota Twins",90,2482188
1992,"Los Angeles Dodgers",63,2473366
1992,"Boston Red Sox",73,2469489
1992,"St. Louis Cardinals",83,2418483
1992,"Cincinnati Reds",90,2315946
1992,"Texas Rangers",77,2198231
1992,"Chicago Cubs",78,2126720
1992,"California Angels",72,2065434
1992,"Philadelphia Phillies",70,1927448
1992,"Kansas City Royals",72,1867689
1992,"Milwaukee Brewers",92,1857351
1992,"Pittsburgh Pirates",96,1834523
1992,"New York Mets",72,1779534
1992,"New York Yankees",76,1748737
1992,"Montreal Expos",87,1731566
1992,"San Diego Padres",82,1721406
1992,"Seattle Mariners",64,1651367
1992,"San Francisco Giants",72,1561218
1992,"Detroit Tigers",75,1423963
1992,"Cleveland Indians",76,1224274
1992,"Houston Astros",81,1211348
1991,"Toronto Blue Jays",91,4001526
1991,"Los Angeles Dodgers",93,3346630
1991,"Chicago White Sox",87,2968154
1991,"Oakland Athletics",84,2713193
1991,"Boston Red Sox",84,2595356
1991,"Baltimore Orioles",67,2551102
1991,"St. Louis Cardinals",84,2449537
1991,"California Angels",81,2416146
1991,"Cincinnati Reds",74,2372377
1991,"Chicago Cubs",77,2311520
1991,"Texas Rangers",85,2297718
1991,"Minnesota Twins",95,2293842
1991,"New York Mets",77,2263729
1991,"Kansas City Royals",82,2161527
1991,"Atlanta Braves",94,2140217
1991,"Seattle Mariners",83,2109966
1991,"Pittsburgh Pirates",98,2073028
1991,"Philadelphia Phillies",78,2049958
1991,"New York Yankees",71,1863729
1991,"San Diego Padres",84,1803929
1991,"San Francisco Giants",75,1737489
1991,"Detroit Tigers",84,1659472
1991,"Milwaukee Brewers",83,1478814
1991,"Houston Astros",65,1196152
1991,"Cleveland Indians",57,1051863
1991,"Montreal Expos",71,978045
1990,"Toronto Blue Jays",86,3884384
1990,"Los Angeles Dodgers",86,3002950
1990,"Oakland Athletics",103,2903203
1990,"New York Mets",91,2733555
1990,"St. Louis Cardinals",70,2573275
1990,"California Angels",80,2558640
1990,"Boston Red Sox",88,2512898
1990,"Baltimore Orioles",76,2420997
1990,"Cincinnati Reds",91,2407563
1990,"Kansas City Royals",75,2244536
1990,"Chicago Cubs",77,2243394
1990,"Texas Rangers",83,2057917
1990,"Pittsburgh Pirates",95,2051806
1990,"New York Yankees",67,2006436
1990,"Chicago White Sox",94,2002359
1990,"San Francisco Giants",85,2001105
1990,"Philadelphia Phillies",77,1992124
1990,"San Diego Padres",75,1894172
1990,"Milwaukee Brewers",74,1775008
1990,"Minnesota Twins",74,1754348
1990,"Seattle Mariners",77,1509714
1990,"Detroit Tigers",79,1470157
1990,"Montreal Expos",85,1421391
1990,"Houston Astros",75,1313560
1990,"Cleveland Indians",77,1228031
1990,"Atlanta Braves",65,1009748
1989,"St. Louis Cardinals",86,3099147
1989,"Los Angeles Dodgers",77,2943833
1989,"New York Mets",87,2916960
1989,"Oakland Athletics",99,2671641
1989,"California Angels",91,2644233
1989,"Toronto Blue Jays",89,2628122
1989,"Baltimore Orioles",87,2539245
1989,"Boston Red Sox",83,2512069
1989,"Chicago Cubs",93,2491932
1989,"Kansas City Royals",92,2475368
1989,"Minnesota Twins",80,2279508
1989,"New York Yankees",74,2196200
1989,"San Diego Padres",89,2108158
1989,"San Francisco Giants",92,2080296
1989,"Texas Rangers",83,2042604
1989,"Cincinnati Reds",75,1979440
1989,"Milwaukee Brewers",81,1974300
1989,"Houston Astros",86,1863215
1989,"Philadelphia Phillies",67,1861985
1989,"Montreal Expos",81,1789073
1989,"Detroit Tigers",59,1543620
1989,"Pittsburgh Pirates",74,1374421
1989,"Seattle Mariners",73,1295433
1989,"Cleveland Indians",73,1285635
1989,"Chicago White Sox",69,1045646
1989,"Atlanta Braves",63,1034808
1989,"Toronto Blue Jays",89,748571
1988,"New York Mets",100,3048530
1988,"Minnesota Twins",91,3029999
1988,"Los Angeles Dodgers",94,2980262
1988,"St. Louis Cardinals",76,2892089
1988,"New York Yankees",85,2633633
1988,"Toronto Blue Jays",87,2595275
1988,"Boston Red Sox",89,2463339
1988,"Kansas City Royals",84,2349181
1988,"California Angels",75,2340905
1988,"Oakland Athletics",104,2287446
1988,"Chicago Cubs",77,2088534
1988,"Detroit Tigers",88,2081102
1988,"Cincinnati Reds",87,2062528
1988,"Philadelphia Phillies",65,1990042
1988,"Houston Astros",82,1933635
1988,"Milwaukee Brewers",87,1928238
1988,"Pittsburgh Pirates",85,1865713
1988,"San Francisco Giants",83,1786482
1988,"Baltimore Orioles",54,1660738
1988,"Texas Rangers",70,1582084
1988,"San Diego Padres",83,1508563
1988,"Montreal Expos",81,1478659
1988,"Cleveland Indians",78,1421790
1988,"Chicago White Sox",71,1115655
1988,"Seattle Mariners",68,1020354
1988,"Atlanta Braves",54,848097
1987,"St. Louis Cardinals",95,3073131
1987,"New York Mets",92,3027121
1987,"Los Angeles Dodgers",73,2800409
1987,"Toronto Blue Jays",96,2778459
1987,"California Angels",75,2696208
1987,"New York Yankees",89,2427702
1987,"Kansas City Royals",83,2392471
1987,"Boston Red Sox",78,2231649
1987,"Cincinnati Reds",84,2185205
1987,"Philadelphia Phillies",80,2100110
1987,"Minnesota Twins",85,2082203
1987,"Detroit Tigers",98,2061830
1987,"Chicago Cubs",76,2035202
1987,"Houston Astros",76,1920997
1987,"San Francisco Giants",90,1917863
1987,"Milwaukee Brewers",91,1908784
1987,"Montreal Expos",91,1850324
1987,"Baltimore Orioles",67,1845251
1987,"Texas Rangers",75,1763749
1987,"Oakland Athletics",81,1678922
1987,"San Diego Padres",65,1454101
1987,"Atlanta Braves",69,1217403
1987,"Chicago White Sox",77,1208070
1987,"Pittsburgh Pirates",80,1161193
1987,"Seattle Mariners",78,1133010
1987,"Cleveland Indians",61,1076898
1986,"Los Angeles Dodgers",73,3033208
1986,"New York Mets",108,2762417
1986,"California Angels",92,2655459
1986,"St. Louis Cardinals",79,2498142
1986,"Toronto Blue Jays",86,2455477
1986,"Kansas City Royals",76,2320764
1986,"New York Yankees",90,2268186
1986,"Boston Red Sox",95,2146694
1986,"Baltimore Orioles",73,1973222
1986,"Philadelphia Phillies",86,1918623
1986,"Detroit Tigers",87,1899437
1986,"Chicago Cubs",70,1859102
1986,"San Diego Padres",74,1805776
1986,"Houston Astros",96,1734266
1986,"Cincinnati Reds",86,1692432
1986,"Texas Rangers",87,1692021
1986,"San Francisco Giants",83,1532385
1986,"Cleveland Indians",84,1470977
1986,"Chicago White Sox",72,1424017
1986,"Atlanta Braves",72,1387152
1986,"Oakland Athletics",76,1314646
1986,"Milwaukee Brewers",77,1265041
1986,"Minnesota Twins",71,1256566
1986,"Montreal Expos",78,1125164
1986,"Seattle Mariners",67,1028223
1986,"Pittsburgh Pirates",64,1014629
1985,"Los Angeles Dodgers",95,3264683
1985,"New York Mets",98,2751237
1985,"St. Louis Cardinals",101,2661465
1985,"California Angels",90,2567787
1985,"Toronto Blue Jays",99,2468925
1985,"Detroit Tigers",84,2286610
1985,"New York Yankees",97,2214587
1985,"San Diego Padres",83,2210352
1985,"Kansas City Royals",91,2162715
1985,"Chicago Cubs",77,2161534
1985,"Baltimore Orioles",83,2137434
1985,"Cincinnati Reds",89,1834619
1985,"Philadelphia Phillies",75,1830350
1985,"Boston Red Sox",81,1786463
1985,"Chicago White Sox",85,1669970
1985,"Minnesota Twins",77,1652063
1985,"Montreal Expos",84,1502494
1985,"Milwaukee Brewers",71,1359995
1985,"Atlanta Braves",66,1350047
1985,"Oakland Athletics",77,1334627
1985,"Houston Astros",83,1184383
1985,"Seattle Mariners",74,1127603
1985,"Texas Rangers",62,1112461
1985,"San Francisco Giants",62,818697
1985,"Pittsburgh Pirates",57,735900
1985,"Cleveland Indians",60,655181
1984,"Los Angeles Dodgers",79,3134824
1984,"Detroit Tigers",104,2704794
1984,"California Angels",81,2402997
1984,"Chicago White Sox",74,2135827
1984,"Toronto Blue Jays",89,2110009
1984,"Chicago Cubs",96,2108055
1984,"Philadelphia Phillies",81,2062966
1984,"St. Louis Cardinals",84,2059347
1984,"Baltimore Orioles",85,2037206
1984,"San Diego Padres",92,1984953
1984,"New York Mets",90,1829481
1984,"New York Yankees",87,1823496
1984,"Kansas City Royals",84,1810018
1984,"Atlanta Braves",80,1724891
1984,"Boston Red Sox",86,1660551
1984,"Montreal Expos",78,1623419
1984,"Milwaukee Brewers",67,1608509
1984,"Minnesota Twins",81,1598373
1984,"Oakland Athletics",77,1353281
1984,"Cincinnati Reds",70,1270073
1984,"Houston Astros",80,1230579
1984,"Texas Rangers",69,1102430
1984,"San Francisco Giants",66,1001551
1984,"Seattle Mariners",74,869874
1984,"Pittsburgh Pirates",75,773195
1984,"Cleveland Indians",75,731378
1983,"Los Angeles Dodgers",91,3509313
1983,"California Angels",70,2555376
1983,"St. Louis Cardinals",79,2343669
1983,"Montreal Expos",82,2320556
1983,"Milwaukee Brewers",87,2266725
1983,"New York Yankees",91,2249688
1983,"Chicago White Sox",99,2132813
1983,"Philadelphia Phillies",90,2128345
1983,"Atlanta Braves",88,2116740
1983,"Baltimore Orioles",98,2036397
1983,"Kansas City Royals",79,1963886
1983,"Toronto Blue Jays",89,1930277
1983,"Detroit Tigers",92,1786900
1983,"Boston Red Sox",78,1780794
1983,"San Diego Padres",81,1544736
1983,"Chicago Cubs",71,1483702
1983,"Texas Rangers",77,1362314
1983,"Houston Astros",85,1352942
1983,"Oakland Athletics",74,1294941
1983,"San Francisco Giants",79,1256098
1983,"Pittsburgh Pirates",84,1227449
1983,"Cincinnati Reds",74,1192882
1983,"New York Mets",68,1099876
1983,"Minnesota Twins",70,868272
1983,"Seattle Mariners",60,808037
1983,"Cleveland Indians",70,768937
1982,"Los Angeles Dodgers",88,3608881
1982,"California Angels",93,2807360
1982,"Philadelphia Phillies",89,2374711
1982,"Montreal Expos",86,2319792
1982,"Kansas City Royals",90,2279464
1982,"St. Louis Cardinals",92,2111922
1982,"New York Yankees",79,2041219
1982,"Milwaukee Brewers",95,1978815
1982,"Boston Red Sox",89,1954038
1982,"Atlanta Braves",89,1800376
1982,"Oakland Athletics",68,1738658
1982,"Detroit Tigers",83,1636058
1982,"San Diego Padres",81,1617391
1982,"Baltimore Orioles",94,1613685
1982,"Chicago White Sox",87,1567787
1982,"Houston Astros",77,1560396
1982,"Cincinnati Reds",61,1340706
1982,"New York Mets",65,1320469
1982,"Toronto Blue Jays",78,1275908
1982,"Chicago Cubs",73,1250410
1982,"San Francisco Giants",87,1228846
1982,"Texas Rangers",64,1154432
1982,"Seattle Mariners",76,1070387
1982,"Cleveland Indians",78,1044041
1982,"Pittsburgh Pirates",84,1026477
1982,"Minnesota Twins",60,921186
1981,"Los Angeles Dodgers",63,2382579
1981,"Philadelphia Phillies",59,1638914
1981,"New York Yankees",59,1614482
1981,"Montreal Expos",60,1534663
1981,"California Angels",51,1441545
1981,"Houston Astros",61,1321222
1981,"Oakland Athletics",64,1298105
1981,"Kansas City Royals",50,1279440
1981,"Detroit Tigers",60,1149744
1981,"Cincinnati Reds",66,1111107
1981,"Boston Red Sox",59,1060659
1981,"Baltimore Orioles",59,1024831
1981,"St. Louis Cardinals",59,1010247
1981,"Chicago White Sox",54,944701
1981,"Milwaukee Brewers",62,878482
1981,"Texas Rangers",57,853032
1981,"Toronto Blue Jays",37,755083
1981,"New York Mets",41,701910
1981,"Cleveland Indians",52,662417
1981,"Seattle Mariners",44,636276
1981,"San Francisco Giants",56,632274
1981,"Chicago Cubs",38,565615
1981,"San Diego Padres",41,559711
1981,"Pittsburgh Pirates",46,549369
1981,"Atlanta Braves",50,534107
1981,"Minnesota Twins",41,469090
1980,"Los Angeles Dodgers",92,3248887
1980,"Philadelphia Phillies",91,2658957
1980,"New York Yankees",103,2627417
1980,"Houston Astros",93,2308092
1980,"California Angels",65,2297327
1980,"Kansas City Royals",97,2290056
1980,"Montreal Expos",90,2185122
1980,"Cincinnati Reds",89,2031596
1980,"Boston Red Sox",83,1956110
1980,"Milwaukee Brewers",86,1865583
1980,"Baltimore Orioles",100,1805020
1980,"Detroit Tigers",84,1785360
1980,"Pittsburgh Pirates",83,1641757
1980,"Toronto Blue Jays",67,1400327
1980,"St. Louis Cardinals",74,1399755
1980,"Chicago White Sox",70,1212873
1980,"Chicago Cubs",64,1204582
1980,"Texas Rangers",76,1198165
1980,"New York Mets",67,1178738
1980,"San Diego Padres",73,1152438
1980,"San Francisco Giants",75,1098130
1980,"Atlanta Braves",81,1048352
1980,"Cleveland Indians",79,1036352
1980,"Oakland Athletics",83,842319
1980,"Seattle Mariners",59,837886
1980,"Minnesota Twins",77,769206
1979,"Los Angeles Dodgers",79,2860954
1979,"Philadelphia Phillies",84,2774849
1979,"New York Yankees",89,2543848
1979,"California Angels",88,2523575
1979,"Cincinnati Reds",90,2356933
1979,"Boston Red Sox",91,2353125
1979,"Kansas City Royals",85,2261845
1979,"Montreal Expos",95,2102153
1979,"Milwaukee Brewers",95,1918893
1979,"Houston Astros",89,1915449
1979,"Baltimore Orioles",102,1680427
1979,"Chicago Cubs",80,1656343
1979,"Detroit Tigers",85,1630939
1979,"St. Louis Cardinals",86,1628406
1979,"Texas Rangers",83,1519672
1979,"San Francisco Giants",71,1483812
1979,"San Diego Padres",68,1457147
1979,"Pittsburgh Pirates",98,1435427
1979,"Toronto Blue Jays",53,1431659
1979,"Chicago White Sox",73,1280702
1979,"Minnesota Twins",82,1070621
1979,"Cleveland Indians",81,1011744
1979,"Seattle Mariners",67,844450
1979,"New York Mets",63,788764
1979,"Atlanta Braves",66,768737
1979,"Oakland Athletics",54,306763
1978,"Los Angeles Dodgers",95,3347803
1978,"Philadelphia Phillies",90,2582409
1978,"Cincinnati Reds",92,2532497
1978,"New York Yankees",100,2424399
1978,"Boston Red Sox",99,2320210
1978,"Kansas City Royals",92,2255493
1978,"California Angels",87,1755386
1978,"San Francisco Giants",89,1738855
1978,"Detroit Tigers",86,1714843
1978,"San Diego Padres",84,1669349
1978,"Milwaukee Brewers",93,1581834
1978,"Toronto Blue Jays",59,1562509
1978,"Chicago Cubs",79,1495983
1978,"Chicago White Sox",71,1491100
1978,"Texas Rangers",87,1447963
1978,"Montreal Expos",76,1427181
1978,"St. Louis Cardinals",69,1278221
1978,"Houston Astros",74,1128233
1978,"Baltimore Orioles",90,1033755
1978,"New York Mets",66,1007867
1978,"Pittsburgh Pirates",88,964106
1978,"Atlanta Braves",69,875902
1978,"Seattle Mariners",56,866906
1978,"Cleveland Indians",69,807123
1978,"Minnesota Twins",73,787880
1978,"Oakland Athletics",69,527017
1977,"Los Angeles Dodgers",98,2945087
1977,"Philadelphia Phillies",101,2699750
1977,"Cincinnati Reds",88,2526031
1977,"New York Yankees",100,2316023
1977,"Boston Red Sox",97,2074549
1977,"Kansas City Royals",102,1889574
1977,"Toronto Blue Jays",54,1794651
1977,"Chicago White Sox",90,1680296
1977,"St. Louis Cardinals",83,1658282
1977,"Chicago Cubs",81,1440753
1977,"Montreal Expos",75,1437190
1977,"California Angels",74,1435133
1977,"Detroit Tigers",74,1410065
1977,"San Diego Padres",69,1375269
1977,"Seattle Mariners",64,1350601
1977,"Texas Rangers",94,1274962
1977,"Baltimore Orioles",97,1257033
1977,"Pittsburgh Pirates",96,1237359
1977,"Minnesota Twins",84,1162727
1977,"Milwaukee Brewers",67,1141774
1977,"Houston Astros",81,1099580
1977,"New York Mets",64,1062782
1977,"Cleveland Indians",71,920869
1977,"Atlanta Braves",61,871526
1977,"San Francisco Giants",75,696654
1977,"Oakland Athletics",63,504765
1976,"Cincinnati Reds",102,2629708
1976,"Philadelphia Phillies",101,2480016
1976,"Los Angeles Dodgers",92,2386301
1976,"New York Yankees",97,2017932
1976,"Boston Red Sox",83,1895885
1976,"Kansas City Royals",90,1679160
1976,"Detroit Tigers",74,1471533
1976,"New York Mets",86,1470364
1976,"San Diego Padres",73,1458478
1976,"St. Louis Cardinals",72,1200323
1976,"Texas Rangers",76,1161682
1976,"Baltimore Orioles",88,1058792
1976,"Chicago Cubs",75,1026785
1976,"Pittsburgh Pirates",92,1025952
1976,"Milwaukee Brewers",66,1011399
1976,"California Angels",76,1006774
1976,"Cleveland Indians",81,949821
1976,"Chicago White Sox",64,914942
1976,"Houston Astros",80,886622
1976,"Atlanta Braves",70,817947
1976,"Oakland Athletics",87,780945
1976,"Minnesota Twins",85,715394
1976,"Montreal Expos",55,646698
1976,"San Francisco Giants",74,625382
1975,"Los Angeles Dodgers",88,2552103
1975,"Cincinnati Reds",108,2315603
1975,"Philadelphia Phillies",86,1908969
1975,"Boston Red Sox",95,1748518
1975,"New York Mets",82,1730766
1975,"St. Louis Cardinals",82,1695034
1975,"New York Yankees",83,1288046
1975,"San Diego Padres",71,1281747
1975,"Pittsburgh Pirates",92,1270013
1975,"Milwaukee Brewers",68,1213363
1975,"Kansas City Royals",91,1151805
1975,"Texas Rangers",79,1127663
1975,"Oakland Athletics",98,1077597
1975,"California Angels",72,1058103
1975,"Detroit Tigers",57,1038439
1975,"Chicago Cubs",75,1034819
1975,"Baltimore Orioles",90,1002125
1975,"Cleveland Indians",79,977056
1975,"Montreal Expos",75,908202
1975,"Houston Astros",64,857444
1975,"Chicago White Sox",75,770802
1975,"Minnesota Twins",76,737156
1975,"Atlanta Braves",67,534552
1975,"San Francisco Giants",80,522902
1974,"Los Angeles Dodgers",102,2629474
1974,"Cincinnati Reds",98,2134250
1974,"St. Louis Cardinals",86,1838413
1974,"Philadelphia Phillies",80,1792067
1974,"New York Mets",71,1727328
1974,"Boston Red Sox",84,1558391
1974,"New York Yankees",89,1290480
1974,"Detroit Tigers",72,1245346
1974,"Texas Rangers",84,1193867
1974,"Kansas City Royals",77,1174292
1974,"Chicago White Sox",80,1166453
1974,"Cleveland Indians",77,1111450
1974,"Pittsburgh Pirates",88,1110737
1974,"Houston Astros",81,1093105
1974,"San Diego Padres",60,1075471
1974,"Montreal Expos",79,1019132
1974,"Chicago Cubs",66,1015378
1974,"Atlanta Braves",88,981083
1974,"Baltimore Orioles",91,962620
1974,"Milwaukee Brewers",76,938822
1974,"California Angels",68,905399
1974,"Oakland Athletics",90,836662
1974,"Minnesota Twins",82,667511
1974,"San Francisco Giants",72,519991
1973,"Los Angeles Dodgers",95,2139452
1973,"Cincinnati Reds",99,2017821
1973,"New York Mets",82,1914695
1973,"Detroit Tigers",85,1724146
1973,"St. Louis Cardinals",81,1573906
1973,"Boston Red Sox",89,1483301
1973,"Philadelphia Phillies",71,1475932
1973,"Houston Astros",82,1393998
1973,"Chicago Cubs",77,1351971
1973,"Kansas City Royals",88,1345441
1973,"Pittsburgh Pirates",80,1318558
1973,"Chicago White Sox",77,1315260
1973,"New York Yankees",80,1262039
1973,"Montreal Expos",79,1246863
1973,"Milwaukee Brewers",74,1092244
1973,"California Angels",79,1057631
1973,"Oakland Athletics",94,1000045
1973,"Baltimore Orioles",97,960307
1973,"Minnesota Twins",81,907499
1973,"San Francisco Giants",88,834415
1973,"Atlanta Braves",76,802848
1973,"Texas Rangers",57,686162
1973,"San Diego Padres",60,612005
1973,"Cleveland Indians",71,605066
1972,"New York Mets",83,2134194
1972,"Detroit Tigers",86,1938791
1972,"Los Angeles Dodgers",85,1860498
1972,"Cincinnati Reds",95,1628077
1972,"Pittsburgh Pirates",96,1520969
1972,"Philadelphia Phillies",59,1481637
1972,"Houston Astros",84,1464244
1972,"Boston Red Sox",85,1423484
1972,"Chicago Cubs",85,1330571
1972,"Chicago White Sox",87,1198654
1972,"St. Louis Cardinals",75,1196894
1972,"Montreal Expos",70,1149506
1972,"New York Yankees",79,967715
1972,"Oakland Athletics",93,927544
1972,"Baltimore Orioles",80,924245
1972,"Minnesota Twins",77,807571
1972,"Atlanta Braves",70,761542
1972,"Cleveland Indians",72,759774
1972,"California Angels",75,736804
1972,"Kansas City Royals",76,717082
1972,"Texas Rangers",54,667287
1972,"San Francisco Giants",69,645578
1972,"San Diego Padres",58,643273
1972,"Milwaukee Brewers",65,600419
1971,"New York Mets",83,2313931
1971,"Los Angeles Dodgers",89,2064549
1971,"Chicago Cubs",83,1653007
1971,"Boston Red Sox",85,1630612
1971,"St. Louis Cardinals",90,1604431
1971,"Detroit Tigers",91,1591037
1971,"Pittsburgh Pirates",97,1540368
1971,"Philadelphia Phillies",67,1511073
1971,"Cincinnati Reds",79,1501125
1971,"Montreal Expos",71,1293053
1971,"Houston Astros",79,1260897
1971,"San Francisco Giants",90,1119834
1971,"New York Yankees",82,1074518
1971,"Baltimore Orioles",101,1033035
1971,"Atlanta Braves",82,1006320
1971,"Minnesota Twins",74,940848
1971,"California Angels",76,926253
1971,"Kansas City Royals",85,910784
1971,"Oakland Athletics",101,907835
1971,"Chicago White Sox",79,832388
1971,"Milwaukee Brewers",69,731533
1971,"Washington Senators",63,655156
1971,"Cleveland Indians",60,591298
1971,"San Diego Padres",61,549075
1970,"New York Mets",83,2697456
1970,"Los Angeles Dodgers",87,1697141
1970,"Chicago Cubs",84,1642523
1970,"St. Louis Cardinals",76,1627777
1970,"Boston Red Sox",87,1594593
1970,"Detroit Tigers",79,1481364
1970,"Montreal Expos",73,1424449
1970,"Minnesota Twins",98,1251138
1970,"Houston Astros",79,1247444
1970,"Cincinnati Reds",102,1245302
1970,"New York Yankees",93,1136873
1970,"California Angels",86,1098557
1970,"Atlanta Braves",76,1078800
1970,"Baltimore Orioles",108,1027904
1970,"Pittsburgh Pirates",89,955100
1970,"Milwaukee Brewers",65,935496
1970,"Washington Senators",70,824750
1970,"Oakland Athletics",89,778436
1970,"San Francisco Giants",86,740404
1970,"Cleveland Indians",76,728209
1970,"Philadelphia Phillies",73,708247
1970,"Kansas City Royals",65,692986
1970,"San Diego Padres",63,633369
1970,"Cincinnati Reds",102,566928
1970,"Chicago White Sox",56,494411
1970,"Pittsburgh Pirates",89,386907
1969,"New York Mets",100,2192091
1969,"Boston Red Sox",87,1837449
1969,"Los Angeles Dodgers",85,1794527
1969,"St. Louis Cardinals",87,1682673
1969,"Chicago Cubs",92,1674953
1969,"Detroit Tigers",90,1584063
1969,"Atlanta Braves",93,1501047
1969,"Houston Astros",81,1442995
1969,"Minnesota Twins",97,1319387
1969,"Montreal Expos",52,1213277
1969,"New York Yankees",80,1077387
1969,"Baltimore Orioles",109,1012368
1969,"Cincinnati Reds",89,987991
1969,"Washington Senators",86,914227
1969,"Kansas City Royals",69,902380
1969,"San Francisco Giants",90,873603
1969,"Oakland Athletics",88,778395
1969,"Pittsburgh Pirates",88,769349
1969,"California Angels",71,758728
1969,"Seattle Pilots",64,668215
1969,"Cleveland Indians",62,628942
1969,"San Diego Padres",52,626847
1969,"Philadelphia Phillies",63,519401
1969,"Chicago White Sox",68,394865
1969,"Chicago White Sox",68,198211
1968,"Detroit Tigers",103,2032257
1968,"St. Louis Cardinals",97,2011567
1968,"Boston Red Sox",86,1882655
1968,"New York Mets",73,1781657
1968,"Los Angeles Dodgers",76,1581093
1968,"Houston Astros",72,1326718
1968,"Atlanta Braves",81,1146398
1968,"Minnesota Twins",79,1141103
1968,"New York Yankees",83,1124049
1968,"Chicago Cubs",84,1043409
1968,"California Angels",67,1025956
1968,"Baltimore Orioles",91,876084
1968,"Oakland Athletics",82,857017
1968,"Cleveland Indians",86,856815
1968,"San Francisco Giants",88,837224
1968,"Cincinnati Reds",83,733354
1968,"Pittsburgh Pirates",80,693386
1968,"Philadelphia Phillies",76,668040
1968,"Washington Senators",65,541282
1968,"Chicago White Sox",67,537050
1968,"Chicago White Sox",67,264297
1967,"St. Louis Cardinals",101,2089645
1967,"Boston Red Sox",92,1694362
1967,"Los Angeles Dodgers",73,1665034
1967,"New York Mets",61,1565500
1967,"Minnesota Twins",91,1481259
1967,"Detroit Tigers",91,1458411
1967,"Atlanta Braves",77,1379214
1967,"Houston Astros",69,1348285
1967,"California Angels",84,1318067
1967,"San Francisco Giants",91,1242500
1967,"New York Yankees",72,1142656
1967,"Chicago White Sox",89,986471
1967,"Chicago Cubs",87,977226
1967,"Cincinnati Reds",87,957700
1967,"Pittsburgh Pirates",81,909012
1967,"Baltimore Orioles",76,854902
1967,"Philadelphia Phillies",82,825512
1967,"Washington Senators",76,765788
1967,"Cleveland Indians",75,666463
1967,"Kansas City Athletics",62,660747
1966,"Los Angeles Dodgers",95,2617056
1966,"New York Mets",66,1933834
1966,"Houston Astros",72,1878398
1966,"San Francisco Giants",93,1657192
1966,"St. Louis Cardinals",83,1590563
1966,"Atlanta Braves",85,1539796
1966,"California Angels",80,1407756
1966,"Minnesota Twins",89,1259556
1966,"New York Yankees",70,1224803
1966,"Baltimore Orioles",97,1203424
1966,"Pittsburgh Pirates",92,1196618
1966,"Detroit Tigers",88,1124294
1966,"Philadelphia Phillies",87,1108191
1966,"Chicago White Sox",83,973770
1966,"Cleveland Indians",81,920251
1966,"Boston Red Sox",72,815197
1966,"Kansas City Athletics",74,773599
1966,"Cincinnati Reds",76,745156
1966,"Chicago Cubs",59,635890
1966,"Washington Senators",71,589817
1966,"St. Louis Cardinals",83,122157
1965,"Los Angeles Dodgers",97,2560648
1965,"Houston Astros",65,2151470
1965,"New York Mets",50,1755366
1965,"San Francisco Giants",95,1546066
1965,"Minnesota Twins",102,1463288
1965,"New York Yankees",77,1304296
1965,"St. Louis Cardinals",80,1234891
1965,"Philadelphia Phillies",85,1166099
1965,"Chicago White Sox",95,1133319
1965,"Cincinnati Reds",89,1048540
1965,"Detroit Tigers",89,1029735
1965,"Cleveland Indians",87,962727
1965,"Pittsburgh Pirates",90,916743
1965,"Baltimore Orioles",94,784803
1965,"Boston Red Sox",62,651761
1965,"Chicago Cubs",72,632788
1965,"California Angels",75,570253
1965,"Washington Senators",70,562913
1965,"Milwaukee Braves",86,555668
1965,"Kansas City Athletics",59,523276
1964,"Los Angeles Dodgers",80,2234498
1964,"New York Mets",53,1734389
1964,"San Francisco Giants",90,1503544
1964,"Philadelphia Phillies",92,1425972
1964,"New York Yankees",99,1305638
1964,"Chicago White Sox",98,1249413
1964,"Minnesota Twins",79,1207508
1964,"St. Louis Cardinals",93,1142667
1964,"Baltimore Orioles",97,1126449
1964,"Milwaukee Braves",88,912022
1964,"Boston Red Sox",72,883279
1964,"Cincinnati Reds",92,863670
1964,"Detroit Tigers",85,815921
1964,"Los Angeles Angels",82,760611
1964,"Pittsburgh Pirates",80,759498
1964,"Chicago Cubs",76,751639
1964,"Houston Colt .45's",66,726155
1964,"Cleveland Indians",79,653293
1964,"Kansas City Athletics",57,635465
1964,"Washington Senators",62,595271
1963,"Los Angeles Dodgers",99,2538659
1963,"San Francisco Giants",88,1570924
1963,"New York Yankees",104,1460537
1963,"Minnesota Twins",91,1406627
1963,"Chicago White Sox",94,1179117
1963,"St. Louis Cardinals",93,1169364
1963,"New York Mets",51,1077322
1963,"Chicago Cubs",82,993515
1963,"Boston Red Sox",76,942729
1963,"Philadelphia Phillies",87,908149
1963,"Cincinnati Reds",86,858708
1963,"Los Angeles Angels",70,837484
1963,"Detroit Tigers",79,818762
1963,"Baltimore Orioles",86,801749
1963,"Pittsburgh Pirates",74,783735
1963,"Milwaukee Braves",84,779552
1963,"Kansas City Athletics",73,751929
1963,"Houston Colt .45's",66,719502
1963,"Cleveland Indians",79,639361
1963,"Washington Senators",56,543631
1962,"Los Angeles Dodgers",102,2782526
1962,"New York Yankees",96,1606325
1962,"San Francisco Giants",103,1590136
1962,"Minnesota Twins",91,1435640
1962,"Detroit Tigers",85,1207581
1962,"Los Angeles Angels",86,1135590
1962,"Chicago White Sox",85,1131562
1962,"Pittsburgh Pirates",93,1071614
1962,"Cincinnati Reds",98,981890
1962,"St. Louis Cardinals",84,938516
1962,"New York Mets",40,925807
1962,"Houston Colt .45's",64,922106
1962,"Baltimore Orioles",77,795590
1962,"Philadelphia Phillies",81,762169
1962,"Milwaukee Braves",86,760053
1962,"Cleveland Indians",80,753256
1962,"Washington Senators",60,729741
1962,"Boston Red Sox",76,723710
1962,"Kansas City Athletics",72,635224
1962,"Chicago Cubs",59,593068
1961,"Los Angeles Dodgers",89,1804865
1961,"New York Yankees",109,1747726
1961,"Detroit Tigers",101,1597608
1961,"San Francisco Giants",85,1391251
1961,"Minnesota Twins",70,1256722
1961,"Pittsburgh Pirates",75,1199198
1961,"Chicago White Sox",86,1162030
1961,"Cincinnati Reds",93,1123147
1961,"Milwaukee Braves",83,1101351
1961,"Baltimore Orioles",95,960819
1961,"St. Louis Cardinals",80,856025
1961,"Boston Red Sox",76,850846
1961,"Cleveland Indians",78,736120
1961,"Kansas City Athletics",61,680382
1961,"Chicago Cubs",64,673006
1961,"Los Angeles Angels",70,604422
1961,"Washington Senators",61,597597
1961,"Philadelphia Phillies",47,589994
1960,"Los Angeles Dodgers",82,2268988
1960,"San Francisco Giants",79,1796356
1960,"Pittsburgh Pirates",95,1707089
1960,"New York Yankees",97,1669568
1960,"Chicago White Sox",87,1644460
1960,"Milwaukee Braves",88,1498859
1960,"Baltimore Orioles",89,1187815
1960,"Detroit Tigers",71,1151336
1960,"Boston Red Sox",65,1129765
1960,"St. Louis Cardinals",86,1096272
1960,"Cleveland Indians",76,973778
1960,"Philadelphia Phillies",59,861634
1960,"Chicago Cubs",60,810675
1960,"Kansas City Athletics",58,776734
1960,"Washington Senators",73,743481
1960,"Cincinnati Reds",67,665345
1959,"Los Angeles Dodgers",88,2083524
1959,"Milwaukee Braves",86,1739724
1959,"New York Yankees",79,1661402
1959,"Cleveland Indians",89,1499139
1959,"Chicago White Sox",94,1422862
1959,"San Francisco Giants",83,1421630
1959,"Pittsburgh Pirates",78,1378865
1959,"Detroit Tigers",76,1223245
1959,"Boston Red Sox",75,990103
1959,"Kansas City Athletics",66,968724
1959,"St. Louis Cardinals",71,929953
1959,"Baltimore Orioles",74,892196
1959,"Chicago Cubs",74,829414
1959,"Cincinnati Redlegs",74,801299
1959,"Philadelphia Phillies",64,799815
1959,"Washington Senators",63,615890
1958,"Milwaukee Braves",92,1952803
1958,"Los Angeles Dodgers",71,1804218
1958,"New York Yankees",92,1396281
1958,"Pittsburgh Pirates",84,1289176
1958,"San Francisco Giants",80,1272857
1958,"Boston Red Sox",79,1113379
1958,"St. Louis Cardinals",72,1101668
1958,"Detroit Tigers",77,1086484
1958,"Chicago Cubs",72,993992
1958,"Philadelphia Phillies",69,931510
1958,"Kansas City Athletics",73,899937
1958,"Baltimore Orioles",74,825765
1958,"Chicago White Sox",82,797566
1958,"Cincinnati Redlegs",76,778052
1958,"Cleveland Indians",77,663765
1958,"Washington Senators",61,495852
1957,"Milwaukee Braves",95,2215041
1957,"New York Yankees",98,1502882
1957,"Detroit Tigers",78,1272386
1957,"St. Louis Cardinals",87,1183205
1957,"Boston Red Sox",82,1181184
1957,"Philadelphia Phillies",77,1147640
1957,"Chicago White Sox",90,1128219
1957,"Cincinnati Redlegs",80,1070830
1957,"Baltimore Orioles",76,1029581
1957,"Brooklyn Dodgers",84,922438
1957,"Kansas City Athletics",59,900130
1957,"Pittsburgh Pirates",62,850732
1957,"Chicago Cubs",62,731816
1957,"Cleveland Indians",76,722256
1957,"New York Giants",69,677883
1957,"Washington Senators",55,470437
1957,"Brooklyn Dodgers",84,127390
1956,"Milwaukee Braves",92,2092388
1956,"New York Yankees",97,1633381
1956,"Boston Red Sox",84,1137658
1956,"Cincinnati Redlegs",91,1103418
1956,"Brooklyn Dodgers",93,1088782
1956,"St. Louis Cardinals",76,1061652
1956,"Detroit Tigers",82,1038560
1956,"Chicago White Sox",85,1024783
1956,"Kansas City Athletics",52,1011285
1956,"Pittsburgh Pirates",66,960253
1956,"Philadelphia Phillies",71,934798
1956,"Baltimore Orioles",69,897473
1956,"Cleveland Indians",88,851948
1956,"Chicago Cubs",60,800063
1956,"New York Giants",67,635516
1956,"Washington Senators",59,446801
1956,"Brooklyn Dodgers",93,148371
1955,"Milwaukee Braves",85,1970212
1955,"New York Yankees",96,1497077
1955,"Kansas City Athletics",63,1388453
1955,"Boston Red Sox",84,1202885
1955,"Cleveland Indians",93,1200791
1955,"Detroit Tigers",79,1178828
1955,"Chicago White Sox",91,1155676
1955,"Brooklyn Dodgers",98,1021489
1955,"Philadelphia Phillies",77,936402
1955,"Chicago Cubs",72,869060
1955,"Baltimore Orioles",57,859200
1955,"St. Louis Cardinals",68,838079
1955,"New York Giants",80,825202
1955,"Cincinnati Redlegs",75,778429
1955,"Pittsburgh Pirates",60,519638
1955,"Washington Senators",53,422001
1954,"Milwaukee Braves",89,2263384
1954,"New York Yankees",103,1475051
1954,"Cleveland Indians",111,1337488
1954,"Chicago White Sox",94,1230629
1954,"New York Giants",97,1165071
1954,"Brooklyn Dodgers",92,1113352
1954,"Detroit Tigers",68,1080540
1954,"Baltimore Orioles",54,1060910
1954,"St. Louis Cardinals",72,1056943
1954,"Boston Red Sox",69,930393
1954,"Chicago Cubs",64,924782
1954,"Philadelphia Phillies",75,788575
1954,"Cincinnati Redlegs",74,722881
1954,"Pittsburgh Pirates",53,568352
1954,"Washington Senators",66,504714
1954,"Philadelphia Athletics",51,307652
1953,"Milwaukee Braves",92,1838643
1953,"New York Yankees",99,1496817
1953,"Brooklyn Dodgers",105,1357497
1953,"Chicago White Sox",89,1268325
1953,"Boston Red Sox",84,1109909
1953,"Cleveland Indians",92,1074297
1953,"Philadelphia Phillies",83,902443
1953,"St. Louis Cardinals",83,872727
1953,"Detroit Tigers",60,869359
1953,"New York Giants",70,849187
1953,"Chicago Cubs",65,766404
1953,"Washington Senators",76,641345
1953,"Pittsburgh Pirates",50,560212
1953,"Cincinnati Reds",68,532664
1953,"Philadelphia Athletics",59,403906
1953,"St. Louis Browns",54,321777
1952,"New York Yankees",95,1593499
1952,"Cleveland Indians",93,1480340
1952,"Chicago White Sox",81,1224539
1952,"Boston Red Sox",76,1149053
1952,"Brooklyn Dodgers",96,1047718
1952,"Chicago Cubs",77,1030567
1952,"Detroit Tigers",50,1026966
1952,"New York Giants",92,960027
1952,"St. Louis Cardinals",88,913422
1952,"Philadelphia Phillies",87,763344
1952,"Washington Senators",78,707222
1952,"Pittsburgh Pirates",42,686671
1952,"Philadelphia Athletics",79,631416
1952,"Cincinnati Reds",69,593930
1952,"St. Louis Browns",64,512132
1952,"Boston Braves",64,277516
1951,"New York Yankees",98,1930529
1951,"Cleveland Indians",93,1687878
1951,"Brooklyn Dodgers",97,1331080
1951,"Chicago White Sox",81,1328381
1951,"Boston Red Sox",87,1311663
1951,"New York Giants",98,1175511
1951,"Detroit Tigers",73,1117226
1951,"Pittsburgh Pirates",64,988441
1951,"St. Louis Cardinals",81,977318
1951,"Philadelphia Phillies",73,944204
1951,"Chicago Cubs",62,895034
1951,"Washington Senators",62,662134
1951,"Cincinnati Reds",68,586267
1951,"Boston Braves",76,485575
1951,"Philadelphia Athletics",70,462250
1951,"St. Louis Browns",52,309794
1950,"New York Yankees",98,2006902
1950,"Detroit Tigers",95,1958173
1950,"Cleveland Indians",92,1732464
1950,"Boston Red Sox",94,1344177
1950,"Philadelphia Phillies",91,1206813
1950,"Brooklyn Dodgers",89,1175019
1950,"Pittsburgh Pirates",57,1167464
1950,"Chicago Cubs",64,1138415
1950,"St. Louis Cardinals",78,1095361
1950,"New York Giants",86,1056046
1950,"Boston Braves",83,919747
1950,"Chicago White Sox",60,782129
1950,"Washington Senators",67,667704
1950,"Cincinnati Reds",66,542506
1950,"Philadelphia Athletics",52,323395
1950,"St. Louis Browns",58,299641
